"","Turtle_ID","Latitude","Longitude","Longitude.1","Latitude.1","optional"
"1","L1R2",41.57882667,-71.72011597,273236.796421085,4606589.27262836,TRUE
"2","L1R2",41.57760885,-71.7202712,273219.590645881,4606454.45910858,TRUE
"3","L1R2",41.5776272,-71.72004927,273238.158166363,4606455.91319989,TRUE
"4","L1R2",41.57789133,-71.71999253,273243.813492515,4606485.0919272,TRUE
"5","L1R2",41.57790397,-71.72009593,273235.236869517,4606486.76722865,TRUE
"6","L1R2",41.5779525,-71.72002453,273241.359670215,4606491.96810351,TRUE
"7","L1R2",41.57751353,-71.72011757,273232.065744838,4606443.47130722,TRUE
"8","L1R2",41.57784983,-71.72000617,273242.530986798,4606480.51979756,TRUE
"9","L1R2",41.57885647,-71.72042167,273211.413690209,4606593.38516312,TRUE
"10","L1R2",41.578447,-71.72030577,273219.642936289,4606547.61463227,TRUE
"11","L1R2",41.57874773,-71.72036713,273215.580105598,4606581.16774159,TRUE
"12","L1R2",41.57861783,-71.72029217,273221.374928932,4606566.54712225,TRUE
"13","L1R2",41.57857173,-71.72028167,273222.088940054,4606561.40076824,TRUE
"14","L1R2",41.5778169,-71.72000247,273242.724189222,4606476.85366335,TRUE
"15","L1R2",41.5774477,-71.72000057,273241.590106912,4606435.8542615,TRUE
"16","L1R2",41.57742733,-71.71995427,273245.379041329,4606433.47075655,TRUE
"17","L1R2",41.57757363,-71.7197967,273259.028507834,4606449.30110932,TRUE
"18","L1R2",41.5775098,-71.7199312,273247.591196179,4606442.5672344,TRUE
"19","L1R2",41.57749443,-71.7199596,273245.169553495,4606440.93526729,TRUE
"20","L1R2",41.57756797,-71.71986877,273252.999898506,4606448.8620834,TRUE
"21","L1R2",41.57758867,-71.7198942,273250.952149846,4606451.227368,TRUE
"22","L1R2",41.57774483,-71.7195177,273282.889205583,4606467.57712662,TRUE
"23","L1R2",41.57748585,-71.7208722,273169.051896461,4606442.3818707,TRUE
"24","L1R2",41.5773524,-71.7208622,273169.418314825,4606427.53785087,TRUE
"25","L1R2",41.57757987,-71.7209204,273165.362498131,4606452.94819853,TRUE
"26","L1R2",41.5774773,-71.7208927,273167.312776428,4606441.48641999,TRUE
"27","L1R2",41.57720387,-71.7207152,273181.154294314,4606410.65918083,TRUE
"28","L1R2",41.577274,-71.72027887,273217.778807656,4606417.29894387,TRUE
"29","L1R2",41.57732403,-71.7204779,273201.359889624,4606423.37731994,TRUE
"30","L1R2",41.57724657,-71.7205837,273192.267611434,4606415.05465618,TRUE
"31","L1R2",41.57761635,-71.72095465,273162.63467731,4606457.08884692,TRUE
"32","L1R2",41.5773897,-71.72054905,273195.657717318,4606430.85610428,TRUE
"33","L1R2",41.57748573,-71.7207321,273180.732252144,4606442.00016115,TRUE
"34","L1R2",41.5774685,-71.72090127,273166.567439235,4606440.53184025,TRUE
"35","L1R2",41.57750575,-71.7208948,273167.237319941,4606444.65090998,TRUE
"36","L1R2",41.57741913,-71.7209365,273163.457259524,4606435.14264309,TRUE
"37","L1R2",41.57746707,-71.72085343,273170.551071606,4606440.24726296,TRUE
"38","L1R2",41.5775558,-71.72046455,273203.284457342,4606449.07698277,TRUE
"39","L1R2",41.5773096,-71.7207635,273177.497525721,4606422.52599251,TRUE
"40","L1R2",41.57731337,-71.7208832,273167.530765836,4606423.2593442,TRUE
"41","L1R2",41.5773825,-71.72080227,273174.520367008,4606430.72244348,TRUE
"42","L1R2",41.57739943,-71.72082233,273172.907156752,4606432.65502605,TRUE
"43","L1R2",41.57590343,-71.7204062,273202.363989738,4606265.45141015,TRUE
"44","L1R2",41.5757876,-71.7209412,273157.351885939,4606253.99681568,TRUE
"45","L1R2",41.5758535,-71.7207575,273172.898953319,4606260.83103788,TRUE
"46","L1R2",41.57593413,-71.72077017,273172.124910287,4606269.8171652,TRUE
"47","L1R2",41.5762109,-71.7204398,273200.639065742,4606299.67990991,TRUE
"48","L1R2",41.5773327,-71.7206073,273190.601553292,4606424.68021755,TRUE
"49","L1R2",41.57722823,-71.72047107,273201.593907461,4606412.72213597,TRUE
"50","L1R2",41.5781367,-71.71822953,273391.660331786,4606507.70393831,TRUE
"51","L1R2",41.5771344,-71.7192871,273299.978879499,4606399.19152813,TRUE
"52","L1R2",41.5774226,-71.71954857,273279.187571562,4606431.87920448,TRUE
"53","L1R2",41.57729253,-71.71965677,273269.711148254,4606417.72116276,TRUE
"54","L1R2",41.57736825,-71.7196826,273267.822624661,4606426.19668107,TRUE
"55","L1R2",41.5774362,-71.7198773,273251.827436982,4606434.25332153,TRUE
"56","L1R2",41.5773126,-71.71970113,273266.082894846,4606420.0662444,TRUE
"57","L1R2",41.5782783,-71.7206207,273192.795449815,4606529.71088551,TRUE
"58","L1R2",41.57836263,-71.72063633,273191.787616542,4606539.11562945,TRUE
"59","L1R2",41.57851205,-71.7208991,273170.402850572,4606556.39753101,TRUE
"60","L1R2",41.5784619,-71.72083793,273175.32716958,4606550.66823811,TRUE
"61","L1R2",41.5784852,-71.721009,273161.14609883,4606553.70521328,TRUE
"62","L1R2",41.5784782,-71.72090677,273169.644834382,4606552.659138,TRUE
"63","L1R2",41.57824743,-71.7206514,273190.127785459,4606526.36392998,TRUE
"64","L1R2",41.5784649,-71.7209041,273169.820864215,4606551.175341,TRUE
"65","L1R2",41.57839037,-71.720874,273172.069398281,4606542.82069407,TRUE
"66","L1R2",41.57734805,-71.7204922,273200.251734271,4606426.08199588,TRUE
"67","L1R2",41.57741543,-71.720871,273168.905341874,4606434.55957567,TRUE
"68","L1R2",41.5773447,-71.72081433,273173.382499234,4606426.55700224,TRUE
"69","L1R2",41.57745703,-71.72096563,273161.161282783,4606439.4274991,TRUE
"70","L1R2",41.5775302,-71.7201287,273231.196147305,4606445.35153196,TRUE
"71","L1R2",41.57730985,-71.72022395,273222.4832662,4606421.13519653,TRUE
"72","L1R2",41.57736173,-71.7203382,273213.139339971,4606427.19608863,TRUE
"73","L1R2",41.5771679,-71.7202943,273216.120862642,4606405.55861327,TRUE
"74","L1R2",41.5771986,-71.72034087,273212.345577358,4606409.08984266,TRUE
"75","L1R2",41.5771643,-71.7203452,273211.864472521,4606405.29269931,TRUE
"76","L1R2",41.57712947,-71.72035697,273210.761201623,4606401.45626684,TRUE
"77","L1R2",41.57707433,-71.7202558,273219.003202055,4606395.0677826,TRUE
"78","L1R2",41.57708697,-71.7204292,273204.590218503,4606396.92714255,TRUE
"79","L1R2",41.5775913,-71.72091803,273165.600123112,4606454.21110547,TRUE
"80","L1R2",41.5774507,-71.7209361,273163.601167097,4606438.64699085,TRUE
"81","L1R2",41.57748887,-71.7209782,273160.224769139,4606442.99593256,TRUE
"82","L1R2",41.57756017,-71.72082363,273173.361656188,4606450.5063356,TRUE
"83","L1R2",41.5770353,-71.72027,273217.682627842,4606390.77138724,TRUE
"84","L1R2",41.57740567,-71.72088097,273168.039917919,4606433.50208273,TRUE
"85","L1R2",41.57751453,-71.7210976,273150.359713314,4606446.15909376,TRUE
"86","L1R2",41.5775721,-71.72092637,273164.83754231,4606452.101149,TRUE
"87","L1R2",41.5775494,-71.7210079,273157.960525972,4606449.79502848,TRUE
"88","L1R2",41.5775739,-71.7208802,273168.693244124,4606452.17960736,TRUE
"89","L1R2",41.5773814,-71.7208648,273169.303095326,4606430.76472516,TRUE
"90","L1R2",41.57739093,-71.72088107,273167.979962254,4606431.8656783,TRUE
"91","L1R2",41.5774456,-71.72089657,273166.879105417,4606437.97676205,TRUE
"92","L1R2",41.57747107,-71.7208185,273173.477353201,4606440.59955843,TRUE
"93","L1R2",41.5778828,-71.72067525,273186.862502982,4606485.93966026,TRUE
"94","L1R2",41.5778816,-71.7208089,273175.71535925,4606486.15783546,TRUE
"95","L1R2",41.57779053,-71.72071107,273183.5529405,4606475.78857158,TRUE
"96","L1R2",41.57669655,-71.7193275,273295.078108535,4606350.68069387,TRUE
"97","L1R2",41.5785098,-71.7205007,273203.610869521,4606555.10016447,TRUE
"98","L1R2",41.5785225,-71.7206315,273192.75012118,4606556.85422205,TRUE
"99","L1R2",41.57843203,-71.7205735,273197.268979085,4606546.65631668,TRUE
"100","L1R2",41.57836103,-71.72057343,273197.026202638,4606538.77259149,TRUE
"101","L1R2",41.57835283,-71.7208111,273177.18212382,4606538.48701522,TRUE
"102","L1R2",41.5785318,-71.7208118,273177.750496767,4606558.36093192,TRUE
"103","L1R2",41.57847037,-71.72090903,273169.428989919,4606551.79567052,TRUE
"104","L1R2",41.5783196,-71.7208904,273170.454238672,4606535.00581529,TRUE
"105","L1R2",41.57848787,-71.72084243,273175.042935049,4606553.56367042,TRUE
"106","L1R2",41.57833163,-71.72091727,273168.256122451,4606536.41223197,TRUE
"107","L1R2",41.5784638,-71.72080965,273177.69162016,4606550.80484451,TRUE
"108","L1R2",41.5783877,-71.72078353,273179.602839299,4606542.28633938,TRUE
"109","L1R2",41.5782643,-71.7210191,273159.530401895,4606529.20396566,TRUE
"110","L1R2",41.57833865,-71.72084135,273174.610419848,4606536.99206938,TRUE
"111","L1R2",41.5784178,-71.7207963,273178.643567406,4606545.66209474,TRUE
"112","L1R2",41.57741283,-71.72056003,273194.823252987,4606433.45323044,TRUE
"113","L1R2",41.5774426,-71.7208241,273172.910758066,4606437.45309478,TRUE
"114","L1R4",41.5779732,-71.7213297,273132.614984443,4606497.698266,TRUE
"115","L1R4",41.5778202,-71.72041907,273208.002081733,4606478.31527125,TRUE
"116","L1R4",41.5776953,-71.72026027,273220.804600752,4606464.02941725,TRUE
"117","L1R4",41.57788377,-71.72134067,273131.387139991,4606487.79718583,TRUE
"118","L1R4",41.57785603,-71.72132043,273132.977471105,4606484.66382257,TRUE
"119","L1R4",41.57788573,-71.72124437,273139.422925863,4606487.76155428,TRUE
"120","L1R4",41.57786953,-71.72129657,273135.014060319,4606486.1000554,TRUE
"121","L1R4",41.57783797,-71.72127867,273136.395918611,4606482.54869029,TRUE
"122","L1R4",41.57785487,-71.72130183,273134.524166242,4606484.48610414,TRUE
"123","L1R4",41.5780033,-71.7211979,273143.709090281,4606500.69382284,TRUE
"124","L1R4",41.57785443,-71.7213623,273129.48099396,4606484.5962822,TRUE
"125","L1R4",41.5778558,-71.72123213,273140.338597426,4606484.40606345,TRUE
"126","L1R4",41.57787433,-71.72126123,273137.977311629,4606486.54008614,TRUE
"127","L1R4",41.57787833,-71.72122607,273140.922753249,4606486.89176283,TRUE
"128","L1R4",41.57775327,-71.72131413,273133.142810995,4606473.23721611,TRUE
"129","L1R4",41.5778608,-71.72123727,273139.927566641,4606484.97475992,TRUE
"130","L1R4",41.5777833,-71.7202163,273224.77866309,4606473.68497283,TRUE
"131","L1R4",41.5777439,-71.7212431,273139.032064272,4606472.01000832,TRUE
"132","L1R4",41.57761063,-71.72131333,273132.709915184,4606457.39696733,TRUE
"133","L1R4",41.57781633,-71.72117527,273144.941011311,4606479.87394827,TRUE
"134","L1R4",41.57786483,-71.72142137,273124.592513941,4606485.90640973,TRUE
"135","L1R4",41.57788827,-71.72162493,273107.702994806,4606489.04448154,TRUE
"136","L1R4",41.57794317,-71.7215776,273111.841394801,4606495.0158582,TRUE
"137","L1R4",41.577996,-71.7215055,273118.03770922,4606500.69224427,TRUE
"138","L1R4",41.5780771,-71.72147617,273120.767136917,4606509.62010592,TRUE
"139","L1R4",41.578042,-71.72152207,273116.817331557,4606505.84347228,TRUE
"140","L1R4",41.57803383,-71.7215297,273116.152571263,4606504.95637788,TRUE
"141","L1R4",41.57773607,-71.72118513,273143.837845207,4606470.98814588,TRUE
"142","L1R4",41.5777097,-71.7211732,273144.740143925,4606468.0287585,TRUE
"143","L1R4",41.57771523,-71.72117677,273144.461865572,4606468.65217482,TRUE
"144","L1R4",41.5777348,-71.7212442,273138.908480732,4606471.0024755,TRUE
"145","L1R4",41.57775893,-71.72135323,273129.902703411,4606473.96851022,TRUE
"146","L1R4",41.57782807,-71.7211899,273143.762365162,4606481.21598266,TRUE
"147","L1R4",41.5777863,-71.72124843,273138.736181895,4606476.73194301,TRUE
"148","L1R4",41.57778827,-71.72126493,273137.367407777,4606476.99407667,TRUE
"149","L1R4",41.57777733,-71.72123723,273139.638556154,4606475.70649738,TRUE
"150","L1R4",41.5777233,-71.72124497,273138.804004905,4606469.72758895,TRUE
"151","L1R4",41.57775093,-71.72122187,273140.826720907,4606472.73475788,TRUE
"152","L1R4",41.5780062,-71.7215193,273116.922877618,4606501.86110529,TRUE
"153","L1R4",41.57801853,-71.72151543,273117.288723791,4606503.21999799,TRUE
"154","L1R4",41.57804973,-71.72168613,273103.166095912,4606507.13329414,TRUE
"155","L1R4",41.57813273,-71.72186837,273088.262815504,4606516.82862884,TRUE
"156","L1R4",41.57813567,-71.72194357,273082.003410407,4606517.35288927,TRUE
"157","L1R4",41.57812997,-71.7219204,273083.915210938,4606516.65903544,TRUE
"158","L1R4",41.57806977,-71.72190757,273084.773998236,4606509.94093054,TRUE
"159","L1R4",41.5776882,-71.72036585,273211.977084612,4606463.51863029,TRUE
"160","L1R4",41.5778085,-71.72117463,273144.966947592,4606479.00285497,TRUE
"161","L1R4",41.57781507,-71.72120413,273142.530420735,4606479.8099399,TRUE
"162","L1R4",41.57779537,-71.7211312,273148.541902081,4606477.43074337,TRUE
"163","L1R4",41.57788113,-71.72125207,273138.764834534,4606487.27103973,TRUE
"164","L1R4",41.5779353,-71.72137363,273128.819619378,4606493.60554457,TRUE
"165","L1R4",41.57789943,-71.7212496,273139.034862779,4606489.29649888,TRUE
"166","L1R4",41.5780187,-71.72144947,273122.788660313,4606503.06539205,TRUE
"167","L1R4",41.5780291,-71.72154,273115.277252233,4606504.45826922,TRUE
"168","L1R4",41.578091,-71.72154463,273115.108055453,4606511.3435627,TRUE
"169","L1R4",41.57810867,-71.72144337,273123.612377472,4606513.0392391,TRUE
"170","L1R4",41.57806127,-71.72138057,273128.68222628,4606507.61097576,TRUE
"171","L1R4",41.57806817,-71.72139077,273127.855981336,4606508.40394891,TRUE
"172","L1R4",41.5780766,-71.72152217,273116.930190552,4606509.68557384,TRUE
"173","L1R4",41.5779218,-71.7208794,273169.978266924,4606490.80685314,TRUE
"174","L1R4",41.57796417,-71.7212007,273143.338595799,4606496.35635586,TRUE
"175","L1R4",41.5778611,-71.72131923,273133.095277735,4606485.22361809,TRUE
"176","L1R4",41.5778433,-71.72131817,273133.121309617,4606483.24439327,TRUE
"177","L1R4",41.577922,-71.72134233,273131.382641278,4606492.04644991,TRUE
"178","L1R4",41.5779169,-71.72135277,273130.49435365,4606491.50762434,TRUE
"179","L1R4",41.57786673,-71.72131053,273133.840351308,4606485.82586907,TRUE
"180","L1R4",41.57784907,-71.72128927,273135.551030463,4606483.80906467,TRUE
"181","L1R4",41.57792893,-71.72133203,273132.265666042,4606492.78883928,TRUE
"182","L1R4",41.57790397,-71.72131833,273133.320467031,4606489.98135551,TRUE
"183","L1R4",41.57792377,-71.7213233,273132.975448001,4606492.19293505,TRUE
"184","L1R4",41.5776904,-71.7207615,273178.99774777,4606464.8031585,TRUE
"185","L1R4",41.577881,-71.721318,273133.267527788,4606487.4299955,TRUE
"186","L1R4",41.57784077,-71.7213506,273130.408625981,4606483.04876246,TRUE
"187","L1R4",41.57787733,-71.7213687,273129.027608735,4606487.1558338,TRUE
"188","L1R4",41.57790143,-71.72141907,273124.912470957,4606489.96427062,TRUE
"189","L1R4",41.5778593,-71.7213271,273132.432819184,4606485.04445141,TRUE
"190","L1R4",41.5777469,-71.7212361,273139.626191074,4606472.32470658,TRUE
"191","L1R4",41.57776923,-71.7210817,273152.577375719,4606474.39809561,TRUE
"192","L1R4",41.5780929,-71.72130507,273135.087734194,4606510.92447482,TRUE
"193","L1R4",41.5780319,-71.72124817,273139.618053981,4606504.00164949,TRUE
"194","L1R4",41.57804853,-71.7213626,273130.135831017,4606506.14911859,TRUE
"195","L1R4",41.5781712,-71.7213421,273132.274653373,4606519.71596489,TRUE
"196","L1R4",41.5782451,-71.72149413,273119.858206485,4606528.32135672,TRUE
"197","L1R4",41.578093,-71.72139447,273127.634468336,4606511.17069879,TRUE
"198","L1R4",41.57807567,-71.72136163,273130.311763628,4606509.16007896,TRUE
"199","L1R4",41.57795363,-71.72139067,273127.463129468,4606495.68564606,TRUE
"200","L1R4",41.57796823,-71.72147407,273120.560880671,4606497.52611569,TRUE
"201","L1R4",41.5780061,-71.72141583,273125.549224256,4606501.57786577,TRUE
"202","L1R4",41.578055,-71.7212617,273138.570912218,4606506.60215871,TRUE
"203","L1R4",41.5781247,-71.72202727,273074.986596263,4606516.35500755,TRUE
"204","L1R4",41.57821777,-71.7223594,273047.621778745,4606527.5628774,TRUE
"205","L1R4",41.5784843,-71.7224888,273037.767166032,4606557.49770662,TRUE
"206","L1R4",41.57785397,-71.72250527,273034.185293394,4606487.55183947,TRUE
"207","L1R4",41.57760097,-71.72233487,273047.505775852,4606459.01145696,TRUE
"208","L1R4",41.57763137,-71.7223137,273049.377327188,4606462.33124865,TRUE
"209","L1R4",41.57757923,-71.72128477,273134.981111306,4606453.8353329,TRUE
"210","L1R4",41.57395233,-71.720961,273149.274203038,4606050.26831478,TRUE
"211","L1R4",41.57733407,-71.72208027,273067.797829518,4606428.70620021,TRUE
"212","L1R4",41.57754737,-71.72235007,273046.05067988,4606453.09992844,TRUE
"213","L1R4",41.57764893,-71.7223806,273043.861108639,4606464.45704734,TRUE
"214","L1R4",41.57746707,-71.72242037,273039.908089349,4606444.36871165,TRUE
"215","L1R4",41.5775553,-71.72243847,273038.708160775,4606454.21302159,TRUE
"216","L1R4",41.5775021,-71.7224331,273038.96947304,4606448.2917885,TRUE
"217","L1R4",41.57749527,-71.7225025,273033.159346659,4606447.71600941,TRUE
"218","L1R4",41.57750417,-71.72243563,273038.765788544,4606448.52828909,TRUE
"219","L1R4",41.57766433,-71.72238903,273043.212222437,4606466.18917781,TRUE
"220","L1R4",41.57826415,-71.72044685,273207.24039409,4606527.68264374,TRUE
"221","L1R4",41.57854395,-71.72125725,273140.65445388,4606560.88140857,TRUE
"222","L1R4",41.57847457,-71.72120963,273144.381688174,4606553.05251019,TRUE
"223","L1R4",41.57854663,-71.7213327,273134.373332834,4606561.37741303,TRUE
"224","L1R4",41.57840777,-71.72139443,273128.740327418,4606546.12133162,TRUE
"225","L1R4",41.57851567,-71.72140573,273128.176145635,4606558.13181393,TRUE
"226","L1R4",41.57856623,-71.7218179,273093.989319452,4606564.82989048,TRUE
"227","L1R4",41.5787964,-71.72327145,272973.608996376,4606594.21150576,TRUE
"228","L1R4",41.57877807,-71.72317803,272981.333445697,4606591.93035585,TRUE
"229","L1R4",41.57864093,-71.723168,272981.689006802,4606576.67650642,TRUE
"230","L1R4",41.5785138,-71.72332177,272968.423117879,4606562.96521752,TRUE
"231","L1R4",41.57852893,-71.72340387,272961.63120789,4606564.86127145,TRUE
"232","L1R4",41.5782009,-71.72342513,272958.708862312,4606528.49414682,TRUE
"233","L1R4",41.57575055,-71.72557065,272771.2333311,4606262.0667343,TRUE
"234","L1R4",41.57573417,-71.72575497,272755.807849919,4606260.73349091,TRUE
"235","L1R4",41.57609637,-71.72607797,272730.147906272,4606301.80156673,TRUE
"236","L1R4",41.57509027,-71.72726027,272628.040564155,4606193.20391573,TRUE
"237","L1R4",41.5750951,-71.72742197,272614.575343721,4606194.16641938,TRUE
"238","L1R4",41.57486447,-71.7279609,272568.830887119,4606169.97889504,TRUE
"239","L1R4",41.57453825,-71.7277432,272585.837058241,4606133.18288179,TRUE
"240","L1R4",41.57442527,-71.72753373,272602.905743041,4606120.08588666,TRUE
"241","L1R4",41.5745176,-71.72746173,272609.233095755,4606130.14803851,TRUE
"242","L1R4",41.57466033,-71.7270327,272645.505880523,4606144.86540522,TRUE
"243","L1R4",41.57466827,-71.7270908,272640.689471139,4606145.90015057,TRUE
"244","L1R4",41.57515737,-71.7262861,272709.500052213,4606198.08728606,TRUE
"245","L1R4",41.57568495,-71.7254625,272780.020430663,4606254.49791948,TRUE
"246","L1R4",41.5761384,-71.7251628,272806.598892499,4606304.05775749,TRUE
"247","L1R4",41.5762642,-71.7229356,272992.735506054,4606312.16279078,TRUE
"248","L1R4",41.57626687,-71.72296563,272990.241077246,4606312.53828062,TRUE
"249","L1R4",41.5761431,-71.72425065,272882.667090955,4606302.1777429,TRUE
"250","L1R4",41.57498317,-71.72452077,272856.078209491,4606174.09519559,TRUE
"251","L1R4",41.57501657,-71.7245692,272852.157338916,4606177.93130895,TRUE
"252","L1R4",41.5746909,-71.7246299,272845.95432333,4606141.93011448,TRUE
"253","L1R4",41.57454903,-71.72442767,272862.318457898,4606125.64499278,TRUE
"254","L1R4",41.57462723,-71.7244707,272859.004882602,4606134.44128608,TRUE
"255","L1R4",41.57458305,-71.72448185,272857.920303758,4606129.56508306,TRUE
"256","L1R4",41.57460973,-71.7244771,272858.409900393,4606132.51501097,TRUE
"257","L1R4",41.57453617,-71.7246932,272840.133901922,4606124.91622673,TRUE
"258","L1R4",41.57481607,-71.72515407,272802.688974423,4606157.20879939,TRUE
"259","L1R4",41.5745791,-71.72454645,272852.520212945,4606129.29658397,TRUE
"260","L1R4",41.57465427,-71.72452807,272854.316284567,4606137.59474832,TRUE
"261","L1R4",41.57456983,-71.7246108,272847.122311311,4606128.4367203,TRUE
"262","L1R4",41.57455743,-71.724405,272864.238098276,4606126.51800519,TRUE
"263","L1R4",41.57462037,-71.72446233,272859.678705299,4606133.65754276,TRUE
"264","L1R4",41.57457277,-71.7245543,272851.843497136,4606128.61439688,TRUE
"265","L1R4",41.57461687,-71.72446737,272859.246206536,4606133.28218766,TRUE
"266","L1R4",41.57461693,-71.72447083,272858.957928035,4606133.29795986,TRUE
"267","L1R4",41.5746379,-71.7245545,272852.055196906,4606135.84668371,TRUE
"268","L1R4",41.57460067,-71.72465293,272843.717724305,4606131.97199709,TRUE
"269","L1R4",41.5745237,-71.7246603,272842.833324002,4606123.4449795,TRUE
"270","L1R4",41.57461235,-71.72450445,272856.138690656,4606132.87793683,TRUE
"271","L1R4",41.5747299,-71.72459717,272848.820045861,4606146.1743284,TRUE
"272","L1R4",41.5748179,-71.72463353,272846.096994571,4606156.0412169,TRUE
"273","L1R4",41.57486907,-71.72471437,272839.536151156,4606161.93578291,TRUE
"274","L1R4",41.57461547,-71.72446087,272859.78325655,4606133.10962334,TRUE
"275","L1R4",41.57463747,-71.72450523,272856.161736183,4606135.6692093,TRUE
"276","L1R4",41.57449605,-71.7244436,272860.804476225,4606119.80425997,TRUE
"277","L1R4",41.57458377,-71.7244329,272862.004197707,4606129.51614584,TRUE
"278","L1R4",41.57446383,-71.72449927,272856.049822742,4606116.37326441,TRUE
"279","L1R4",41.5748034,-71.72520453,272798.437280994,4606155.93487009,TRUE
"280","L1R4",41.57479393,-71.7252172,272797.347666679,4606154.91672995,TRUE
"281","L1R4",41.574758,-71.7252663,272793.1277832,4606151.05652941,TRUE
"282","L1R4",41.5752479,-71.7246675,272844.772494064,4606203.87605253,TRUE
"283","L1R4",41.57443183,-71.72449767,272856.071024443,4606112.81590683,TRUE
"284","L1R4",41.5744608,-71.72451727,272854.538385582,4606116.08422001,TRUE
"285","L1R4",41.57447027,-71.72460333,272847.396039219,4606117.36232909,TRUE
"286","L1R4",41.57476463,-71.72464687,272844.797935712,4606150.16146678,TRUE
"287","L1R4",41.5747486,-71.72454873,272852.924453953,4606148.1231518,TRUE
"288","L1R4",41.57446347,-71.7245363,272852.961055037,4606116.43079185,TRUE
"289","L1R4",41.57449073,-71.72456283,272850.844609769,4606119.52748165,TRUE
"290","L1R4",41.57470067,-71.72467957,272841.847188045,4606143.14572231,TRUE
"291","L1R4",41.57452887,-71.7246262,272845.694656653,4606123.9292447,TRUE
"292","L1R4",41.57460273,-71.72461743,272846.684877849,4606132.10725489,TRUE
"293","L1R4",41.57474403,-71.72473757,272837.163303882,4606148.11295919,TRUE
"294","L1R4",41.5745018,-71.72455905,272851.198596764,4606120.74669477,TRUE
"295","L1R4",41.5744529,-71.72461023,272846.759819502,4606115.45180601,TRUE
"296","L1R4",41.57449665,-71.72454575,272852.28947185,4606120.13984105,TRUE
"297","L1R4",41.57456555,-71.7245965,272848.299613887,4606127.92383394,TRUE
"298","L1R4",41.5745615,-71.72468445,272840.952285545,4606127.70572272,TRUE
"299","L1R4",41.57457257,-71.72496167,272817.876957684,4606129.66489377,TRUE
"300","L1R4",41.57472117,-71.72474567,272836.407777637,4606145.59601037,TRUE
"301","L1R4",41.57469223,-71.7247669,272834.5361744,4606142.43853858,TRUE
"302","L1R4",41.57446457,-71.7245576,272851.188950333,4606116.6090149,TRUE
"303","L1R4",41.57469285,-71.72469625,272840.429017984,4606142.32134389,TRUE
"304","L1R4",41.5746981,-71.72469737,272840.354044298,4606142.9072309,TRUE
"305","L1R4",41.57477563,-71.72490807,272823.058151658,4606152.07066887,TRUE
"306","L1R4",41.5746457,-71.7247891,272832.522008818,4606137.33050211,TRUE
"307","L1R4",41.57458743,-71.7248348,272828.507280282,4606130.98078876,TRUE
"308","L1R4",41.5745036,-71.72456543,272850.672953956,4606120.96335804,TRUE
"309","L1R4",41.57471507,-71.72468113,272841.767613491,4606144.7487453,TRUE
"310","L1R4",41.57474237,-71.7247205,272838.580747439,4606147.88369079,TRUE
"311","L1R4",41.57460403,-71.72466657,272842.592226301,4606132.38099344,TRUE
"312","L1R4",41.57468275,-71.7246962,272840.397769791,4606141.19975084,TRUE
"313","L1R4",41.57471735,-71.7246923,272840.844274529,4606145.03131945,TRUE
"314","L1R4",41.57483713,-71.72501897,272814.027206258,4606159.19141864,TRUE
"315","L1R4",41.57479647,-71.7250895,272808.003954044,4606154.86244657,TRUE
"316","L1R4",41.5748153,-71.72520997,272798.025441416,4606157.2705232,TRUE
"317","L1R4",41.57465417,-71.72499933,272815.023102585,4606138.8245897,TRUE
"318","L1R4",41.57452807,-71.72460113,272847.782148046,4606123.7744042,TRUE
"319","L1R4",41.5744514,-71.72459207,272848.268713364,4606115.23743545,TRUE
"320","L1R4",41.57457903,-71.72468603,272840.882018824,4606129.65634033,TRUE
"321","L1R4",41.5746889,-71.72468857,272841.055511306,4606141.86252973,TRUE
"322","L1R4",41.5746851,-71.72476107,272834.99726631,4606141.63150162,TRUE
"323","L1R4",41.57458905,-71.7248437,272827.770894198,4606131.18410328,TRUE
"324","L1R4",41.57480447,-71.72509567,272807.517568726,4606155.76698199,TRUE
"325","L1R4",41.57475663,-71.72506933,272809.545965479,4606150.38566202,TRUE
"326","L1R4",41.57514027,-71.7248047,272832.955665106,4606192.28654951,TRUE
"327","L1R4",41.57512797,-71.72477547,272835.349659513,4606190.84383854,TRUE
"328","L1R4",41.57514477,-71.72472227,272839.8442623,4606192.56915141,TRUE
"329","L1R4",41.57514363,-71.72493097,272822.43935669,4606192.99214353,TRUE
"330","L1R4",41.5752278,-71.7249523,272820.956097086,4606202.39419706,TRUE
"331","L1R4",41.57518407,-71.72495003,272820.992002604,4606197.532624,TRUE
"332","L1R4",41.57522087,-71.72497543,272819.003271571,4606201.6856307,TRUE
"333","L1R4",41.57495317,-71.72506723,272810.410351598,4606172.20310523,TRUE
"334","L1R4",41.57511313,-71.725247,272795.982553537,4606190.43783878,TRUE
"335","L1R4",41.5755622,-71.72531223,272792.118934482,4606240.47248404,TRUE
"336","L3R1",41.57846983,-71.72069583,273187.202284585,4606551.17511112,TRUE
"337","L3R1",41.57855053,-71.72034,273217.151556384,4606559.20015797,TRUE
"338","L3R1",41.578051,-71.7206837,273186.74697789,4606504.63809723,TRUE
"339","L3R1",41.5788793,-71.72051813,273203.451491179,4606596.17371708,TRUE
"340","L3R1",41.5785725,-71.72083983,273175.556074595,4606562.95379313,TRUE
"341","L3R1",41.5784732,-71.72090475,273169.795738319,4606552.09864731,TRUE
"342","L3R1",41.57847813,-71.72088733,273171.265365835,4606552.60024708,TRUE
"343","L3R1",41.57847247,-71.7209023,273169.997446404,4606552.01114878,TRUE
"344","L3R1",41.57848623,-71.72093503,273167.316826964,4606553.62506712,TRUE
"345","L3R1",41.57843363,-71.7208857,273171.245425622,4606547.65486805,TRUE
"346","L3R1",41.5784581,-71.720815,273177.225612169,4606550.18600813,TRUE
"347","L3R1",41.57839035,-71.72038815,273212.576291037,4606541.54103308,TRUE
"348","L3R1",41.57705417,-71.72044317,273203.31062527,4606393.32189764,TRUE
"349","L3R1",41.57676777,-71.72039917,273205.976370002,4606361.40557497,TRUE
"350","L3R1",41.57896635,-71.72054305,273201.678654765,4606605.90490293,TRUE
"351","L3R1",41.57894383,-71.72030763,273221.227394744,4606602.78543487,TRUE
"352","L3R1",41.57871477,-71.71991413,273253.232656851,4606576.31714718,TRUE
"353","L3R1",41.5787838,-71.7198438,273259.337928899,4606583.79708065,TRUE
"354","L3R1",41.57741167,-71.71982273,273256.291321298,4606431.38617566,TRUE
"355","L3R1",41.5774291,-71.7198191,273256.654985775,4606433.31198766,TRUE
"356","L3R1",41.578304,-71.7201004,273236.264674875,4606531.19662277,TRUE
"357","L3R1",41.5775416,-71.7200407,273238.573012617,4606446.38600968,TRUE
"358","L3R1",41.57682593,-71.72032557,273212.316432691,4606367.66991976,TRUE
"359","L3R1",41.5771003,-71.7200784,273233.884859479,4606397.48502775,TRUE
"360","L3R1",41.57712207,-71.72026727,273218.214032369,4606400.39878384,TRUE
"361","L3R1",41.5771085,-71.72008137,273233.665942642,4606398.4033284,TRUE
"362","L3R1",41.578237,-71.72020167,273227.586866999,4606524.02344617,TRUE
"363","L3R1",41.5799009,-71.72084293,273179.949663191,4606710.46190976,TRUE
"364","L3R1",41.57986847,-71.72088407,273176.406189109,4606706.96919714,TRUE
"365","L3R1",41.57979657,-71.7208603,273178.136131632,4606698.92321785,TRUE
"366","L3R1",41.57983873,-71.72097257,273168.923656847,4606703.89971097,TRUE
"367","L3R1",41.57975533,-71.72093487,273171.774684232,4606694.54018734,TRUE
"368","L3R1",41.57852803,-71.72027793,273222.24775255,4606556.53867195,TRUE
"369","L3R1",41.57849677,-71.7210818,273155.117045507,4606555.18133901,TRUE
"370","L3R1",41.5784452,-71.7208981,273170.252114443,4606548.97215852,TRUE
"371","L3R1",41.57850327,-71.7209985,273162.08480188,4606555.68401879,TRUE
"372","L3R1",41.57849463,-71.7210012,273161.829435578,4606554.73176956,TRUE
"373","L3R1",41.57845777,-71.72104087,273158.392927433,4606550.74330901,TRUE
"374","L3R1",41.5786322,-71.7203571,273216.011827765,4606568.31340724,TRUE
"375","L3R1",41.57865367,-71.72009493,273237.944913633,4606570.00812693,TRUE
"376","L3R1",41.57863823,-71.72016433,273232.104767432,4606568.47617353,TRUE
"377","L3R1",41.578632,-71.72010257,273237.232076967,4606567.62206523,TRUE
"378","L3R1",41.57858607,-71.71995593,273249.297112898,4606562.13671757,TRUE
"379","L3R1",41.57692875,-71.7199339,273245.332015194,4606378.05699978,TRUE
"380","L3R1",41.57511297,-71.72028537,273209.670972463,4606177.36443544,TRUE
"381","L3R1",41.56848397,-71.71619067,273527.905702576,4605430.55264076,TRUE
"382","L3R1",41.56835643,-71.71594163,273548.226441046,4605415.73749135,TRUE
"383","L3R1",41.5685197,-71.71607577,273537.611648531,4605434.21835005,TRUE
"384","L3R1",41.5683912,-71.7159044,273551.452429292,4605419.50048414,TRUE
"385","L3R1",41.5684192,-71.71601107,273542.655478843,4605422.88945255,TRUE
"386","L3R1",41.56849063,-71.7160889,273536.415186201,4605431.02500869,TRUE
"387","L3R1",41.5686183,-71.7162164,273526.229699284,4605445.53559069,TRUE
"388","L3R1",41.56846823,-71.7159417,273548.611336315,4605428.15145397,TRUE
"389","L3R1",41.56846707,-71.7160914,273536.124375883,4605428.4155721,TRUE
"390","L3R1",41.56846447,-71.71604727,273539.79511944,4605428.01104876,TRUE
"391","L3R1",41.5684935,-71.71611027,273534.643255924,4605431.39977266,TRUE
"392","L3R1",41.5693991,-71.71629977,273522.007040195,4605532.45103092,TRUE
"393","L3R1",41.56960063,-71.71622323,273529.093744142,4605554.62712278,TRUE
"394","L3R1",41.56948757,-71.71639347,273514.503124089,4605542.52031778,TRUE
"395","L3R1",41.5693149,-71.71650935,273504.236882906,4605523.65200063,TRUE
"396","L3R1",41.5696299,-71.7163108,273521.894059707,4605558.10700351,TRUE
"397","L3R1",41.5696289,-71.71618197,273532.633008932,4605557.65779591,TRUE
"398","L3R1",41.56964663,-71.7161096,273538.729526445,4605559.43649686,TRUE
"399","L3R1",41.5696754,-71.7160527,273543.574667278,4605562.48164092,TRUE
"400","L3R1",41.5694212,-71.7165778,273498.900780044,4605535.63478318,TRUE
"401","L3R1",41.5695871,-71.7167143,273488.098723436,4605554.41394945,TRUE
"402","L3R1",41.5703875,-71.717312,273441.058517967,4605644.8562409,TRUE
"403","L3R1",41.57033157,-71.71734457,273438.147131719,4605638.7315468,TRUE
"404","L3R1",41.57010155,-71.71824655,273362.132034591,4605615.56013837,TRUE
"405","L3R1",41.57026535,-71.71848265,273343.018082886,4605634.3680124,TRUE
"406","L3R1",41.5705918,-71.71836255,273354.17446498,4605670.30008915,TRUE
"407","L3R1",41.5706779,-71.7184417,273347.875870164,4605680.06818929,TRUE
"408","L3R1",41.57059003,-71.71853277,273339.974745519,4605670.55073919,TRUE
"409","L3R1",41.57048613,-71.71872253,273323.788395138,4605659.51268445,TRUE
"410","L3R1",41.5704411,-71.71928717,273276.549119349,4605655.99641241,TRUE
"411","L3R1",41.5702672,-71.7190822,273293.03176743,4605636.14869188,TRUE
"412","L3R1",41.5761513,-71.7204839,273196.753496798,4606293.1781222,TRUE
"413","L3R1",41.57739463,-71.72071793,273181.594664274,4606431.84754359,TRUE
"414","L3R1",41.5786049,-71.7202846,273221.960792393,4606565.09152825,TRUE
"415","L3R1",41.57830407,-71.7212849,273137.509004026,4606534.31885813,TRUE
"416","L3R1",41.578319,-71.72129633,273136.608337316,4606536.00668265,TRUE
"417","L3R1",41.57833395,-71.7212604,273139.656308686,4606537.57217496,TRUE
"418","L3R1",41.57921467,-71.72077793,273182.965677871,4606634.09488934,TRUE
"419","L3R1",41.57841,-71.7182795,273388.450320678,4606538.18128297,TRUE
"420","L3R1",41.5785571,-71.7178535,273424.481934318,4606553.39562387,TRUE
"421","L3R1",41.5787111,-71.7175168,273453.092314772,4606569.61080891,TRUE
"422","L3R1",41.57872373,-71.717517,273453.119815715,4606571.01371584,TRUE
"423","L3R1",41.57867163,-71.7176773,273439.572894675,4606565.64975742,TRUE
"424","L3R1",41.57850025,-71.7187838,273346.720950576,4606549.52718715,TRUE
"425","L3R1",41.57837063,-71.72046273,273206.289255113,4606539.54748487,TRUE
"426","L3R1",41.5785435,-71.7205578,273198.968260708,4606558.99219756,TRUE
"427","L3R1",41.57835087,-71.72124867,273140.693540993,4606539.42005201,TRUE
"428","L3R1",41.57835177,-71.72126767,273139.112597696,4606539.56995226,TRUE
"429","L3R1",41.57834977,-71.7212638,273139.428247993,4606539.33770294,TRUE
"430","L3R1",41.57840597,-71.7213878,273129.286788159,4606545.90403011,TRUE
"431","L3R1",41.57838807,-71.72139763,273128.404530439,4606543.94234246,TRUE
"432","L3R1",41.57830613,-71.72152087,273117.842572579,4606535.16820141,TRUE
"433","L3R1",41.57837873,-71.7215012,273119.736831184,4606543.17766564,TRUE
"434","L3R1",41.57842923,-71.720251,273224.147077,4606545.4975388,TRUE
"435","L3R1",41.5784578,-71.72075197,273182.479581134,4606549.98696392,TRUE
"436","L3R1",41.5784082,-71.7207348,273183.737411713,4606544.43444181,TRUE
"437","L3R1",41.57869915,-71.7203415,273217.546860176,4606575.70624083,TRUE
"438","L3R1",41.578702,-71.72126597,273140.481008801,4606578.45354979,TRUE
"439","L3R1",41.57862397,-71.72131867,273135.813946749,4606569.92802356,TRUE
"440","L3R1",41.57859783,-71.72133107,273134.688562971,4606567.05815923,TRUE
"441","L3R1",41.5778667,-71.71847995,273369.837197712,4606478.38215673,TRUE
"442","L3R1",41.57794787,-71.7187701,273345.930249,4606488.1572528,TRUE
"443","L3R1",41.578328,-71.71803423,273408.612440028,4606528.4320521,TRUE
"444","L3R1",41.57833747,-71.71806937,273405.715826338,4606529.57586623,TRUE
"445","L3R1",41.5807656,-71.7179689,273422.586701091,4606798.92126252,TRUE
"446","L3R1",41.5813299,-71.71732867,273477.936559154,4606859.89724325,TRUE
"447","L3R1",41.58171943,-71.71760007,273456.672619926,4606903.86178624,TRUE
"448","L3R1",41.58172733,-71.71753293,273462.297652972,4606904.56263535,TRUE
"449","L3R1",41.5818087,-71.71775397,273444.154402055,4606914.17816618,TRUE
"450","L3R1",41.58154427,-71.7177879,273440.400658537,4606884.90608625,TRUE
"451","L3R1",41.58153277,-71.7178212,273437.584230836,4606883.71663984,TRUE
"452","L3R1",41.57988397,-71.71820343,273399.949335894,4606701.64485142,TRUE
"453","L3R1",41.57828967,-71.7179637,273414.358682969,4606523.99078739,TRUE
"454","L3R1",41.5785913,-71.7180553,273407.776875173,4606557.72311509,TRUE
"455","L3R1",41.57864413,-71.71805637,273407.872484067,4606563.5919453,TRUE
"456","L3R1",41.57870215,-71.7180332,273410.007210573,4606569.9733778,TRUE
"457","L3R1",41.57789585,-71.71861635,273358.566973849,4606481.97720841,TRUE
"458","L3R1",41.5777573,-71.7198413,273255.952961402,4606469.81228035,TRUE
"459","L3R1",41.57760613,-71.72006237,273236.992198707,4606453.60811243,TRUE
"460","L3R1",41.5777568,-71.72010797,273233.717812115,4606470.45774374,TRUE
"461","L3R1",41.5772695,-71.71908845,273317.014117604,4606413.67043081,TRUE
"462","L3R1",41.5774763,-71.7189097,273332.641037051,4606436.16292451,TRUE
"463","L3R1",41.57749863,-71.71894583,273329.706856446,4606438.73728929,TRUE
"464","L3R1",41.57748667,-71.71914167,273313.336932518,4606437.92391874,TRUE
"465","L3R1",41.57793523,-71.7188017,273343.25140148,4606486.83678968,TRUE
"466","L3R1",41.57781915,-71.71827865,273386.45403591,4606472.57357053,TRUE
"467","L3R1",41.57773775,-71.7180814,273402.614814823,4606463.01710212,TRUE
"468","L3R1",41.57778147,-71.71763913,273439.641649122,4606466.70991882,TRUE
"469","L3R1",41.57871083,-71.71847953,273372.825723005,4606572.10967446,TRUE
"470","L3R1",41.57789707,-71.71825577,273388.634243331,4606481.16537108,TRUE
"471","L3R1",41.57870655,-71.7189221,273335.912372846,4606572.79726047,TRUE
"472","L3R1",41.57868057,-71.71873273,273351.60980209,4606569.41497252,TRUE
"473","L3R1",41.5786678,-71.7188591,273341.029268412,4606568.32908485,TRUE
"474","L3R1",41.57869603,-71.71881903,273344.468811786,4606571.35833856,TRUE
"475","L3R1",41.5787364,-71.71884763,273342.225614534,4606575.91600086,TRUE
"476","L3R1",41.5786431,-71.71881935,273344.256912211,4606565.48205578,TRUE
"477","L3R1",41.5786693,-71.7188866,273338.7417595,4606568.56789725,TRUE
"478","L3R1",41.57872287,-71.71893627,273334.788089637,4606574.6465981,TRUE
"479","L3R1",41.5786944,-71.7190545,273324.831270724,4606571.79608358,TRUE
"480","L3R1",41.578843,-71.7191323,273318.864915613,4606588.50044371,TRUE
"481","L3R1",41.57897325,-71.7190481,273326.340735036,4606602.74159328,TRUE
"482","L3R1",41.5785359,-71.7188476,273341.526490629,4606553.65324908,TRUE
"483","L3R1",41.5784443,-71.71801997,273410.20819687,4606541.30805356,TRUE
"484","L3R1",41.57847467,-71.717759,273432.072360125,4606543.99473647,TRUE
"485","L3R1",41.5783327,-71.7177699,273430.666984597,4606528.25961865,TRUE
"486","L3R1",41.57831373,-71.7176615,273439.638312029,4606525.86856139,TRUE
"487","L3R1",41.5783637,-71.71764947,273440.816080478,4606531.38542251,TRUE
"488","L3R1",41.5783351,-71.71770377,273436.188865291,4606528.3524149,TRUE
"489","L3R1",41.57849837,-71.71777923,273430.468621414,4606546.6794185,TRUE
"490","L3R1",41.5776006,-71.7189631,273328.623817321,4606450.10498539,TRUE
"491","L3R1",41.57814115,-71.71842155,273375.666483443,4606508.70249447,TRUE
"492","L3R1",41.5778402,-71.7191531,273313.621211639,4606477.20842865,TRUE
"493","L3R1",41.5778192,-71.71907895,273319.729908357,4606474.68182497,TRUE
"494","L3R1",41.5778051,-71.7190669,273320.685222058,4606473.084556,TRUE
"495","L3R1",41.577909,-71.71869303,273352.219867991,4606483.63879546,TRUE
"496","L3R1",41.5777492,-71.71873303,273348.325740197,4606466.0003778,TRUE
"497","L3R1",41.57788187,-71.71863207,273357.207417675,4606480.46623026,TRUE
"498","L3R1",41.57854127,-71.71773727,273434.117023635,4606551.33264433,TRUE
"499","L3R1",41.5787539,-71.7179107,273420.401429788,4606575.39770569,TRUE
"500","L3R1",41.5783989,-71.7177372,273433.624858922,4606535.52429925,TRUE
"501","L3R1",41.5783933,-71.7174817,273454.907164952,4606534.23146296,TRUE
"502","L3R1",41.57816117,-71.71766047,273439.190559474,4606508.92624122,TRUE
"503","L3R1",41.57822243,-71.71761827,273442.923200911,4606515.61745789,TRUE
"504","L3R1",41.57825625,-71.717388,273462.239920255,4606518.76793834,TRUE
"505","L3R1",41.57813113,-71.71760173,273443.982856439,4606505.43645346,TRUE
"506","L3R1",41.57826943,-71.71753987,273449.624080079,4606520.63023388,TRUE
"507","L3R1",41.5783109,-71.71775177,273432.102289978,4606525.79142049,TRUE
"508","L3R1",41.5783043,-71.71770423,273436.042778778,4606524.93372173,TRUE
"509","L3R1",41.57839693,-71.7176778,273438.570345578,4606535.14954713,TRUE
"510","L3R1",41.57819903,-71.71763557,273441.398989742,4606513.06465757,TRUE
"511","L3R1",41.57818383,-71.71763717,273441.212425618,4606511.38111631,TRUE
"512","L3R1",41.57816823,-71.71768227,273437.397708372,4606509.76740964,TRUE
"513","L3R1",41.57817713,-71.71760257,273444.073718492,4606510.54630429,TRUE
"514","L3R1",41.57820103,-71.71791397,273418.194771453,4606514.01795282,TRUE
"515","L3R1",41.5775074,-71.7190244,273323.186810575,4606439.9175302,TRUE
"516","L3R1",41.57784997,-71.71896053,273329.710749733,4606477.78722047,TRUE
"517","L3R1",41.57787637,-71.719138,273315.006744451,4606481.18491188,TRUE
"518","L3R1",41.57784417,-71.71915583,273313.40749426,4606477.65641469,TRUE
"519","L3R1",41.57779927,-71.7191337,273315.095426693,4606472.61275459,TRUE
"520","L3R1",41.577961,-71.7192274,273307.849294494,4606490.81680159,TRUE
"521","L3R1",41.57792533,-71.71894137,273331.571915272,4606486.10452982,TRUE
"522","L3R1",41.57779403,-71.71912003,273316.216812946,4606471.99500478,TRUE
"523","L3R1",41.5780048,-71.7190875,273319.666592132,4606495.3125309,TRUE
"524","L3R1",41.5815479,-71.7173527,273476.695674591,4606884.1661539,TRUE
"525","L3R1",41.58196847,-71.717304,273482.226746102,4606930.7365901,TRUE
"526","L3R1",41.5820408,-71.717216,273489.81617084,4606938.53671634,TRUE
"527","L3R1",41.58191793,-71.7172589,273485.809910212,4606925.00640391,TRUE
"528","L3R1",41.58195197,-71.71730613,273481.991459936,4606928.91009288,TRUE
"529","L3R1",41.5819807,-71.71732503,273480.51627746,4606932.1497853,TRUE
"530","L3R1",41.5818775,-71.7171032,273498.649036768,4606920.10835994,TRUE
"531","L3R1",41.58185045,-71.71700075,273507.095577361,4606916.8358218,TRUE
"532","L3R1",41.58151263,-71.7175648,273458.88967538,4606880.80694934,TRUE
"533","L3R1",41.58178725,-71.7176964,273448.878918633,4606911.64523964,TRUE
"534","L3R1",41.58167653,-71.71765173,273452.21570728,4606899.23403076,TRUE
"535","L3R1",41.5816601,-71.717704,273447.800528821,4606897.54699784,TRUE
"536","L3R1",41.58155883,-71.71751687,273463.047169126,4606885.81092339,TRUE
"537","L3R1",41.58151533,-71.71757407,273458.12628601,4606881.13109237,TRUE
"538","L3R1",41.5813569,-71.71750483,273463.344616204,4606863.35784303,TRUE
"539","L3R1",41.5816725,-71.71769167,273448.871846865,4606898.89145729,TRUE
"540","L3R1",41.5818266,-71.717847,273436.461207273,4606916.41005858,TRUE
"541","L3R1",41.5816649,-71.71780917,273439.049386622,4606898.35620322,TRUE
"542","L3R1",41.5817016,-71.71795323,273427.16761979,4606902.80961461,TRUE
"543","L3R1",41.5812674,-71.71763613,273452.085124291,4606853.76497969,TRUE
"544","L3R1",41.58139815,-71.7177757,273440.906608301,4606868.64949016,TRUE
"545","L3R1",41.581365,-71.71759685,273455.701284374,4606864.49890884,TRUE
"546","L3R1",41.58135853,-71.7179468,273426.503481506,4606864.6996698,TRUE
"547","L3R1",41.58133247,-71.71792627,273428.123890525,4606861.75215027,TRUE
"548","L3R1",41.5813502,-71.7178984,273430.509426201,4606863.64760926,TRUE
"549","L3R1",41.58126867,-71.717985,273423.004394207,4606854.82233382,TRUE
"550","L3R1",41.5813273,-71.71798087,273423.553824666,4606861.3215146,TRUE
"551","L3R1",41.58147007,-71.7180122,273421.441335208,4606877.25639359,TRUE
"552","L3R1",41.5811438,-71.71770223,273446.142027405,4606840.21456324,TRUE
"553","L3R1",41.58110803,-71.71775663,273441.481580725,4606836.38569483,TRUE
"554","L3R1",41.58119775,-71.7177698,273440.697454677,4606846.38241849,TRUE
"555","L3R1",41.5810909,-71.71797733,273423.021923385,4606835.06335174,TRUE
"556","L3R1",41.58116323,-71.71805347,273416.927188415,4606843.29457499,TRUE
"557","L3R1",41.58146937,-71.71781653,273437.751776748,4606876.66470344,TRUE
"558","L3R1",41.58135477,-71.71776877,273441.332608002,4606863.81455494,TRUE
"559","L3R1",41.58145265,-71.71768995,273448.246187324,4606874.4757177,TRUE
"560","L3R1",41.58130213,-71.71764587,273451.394589744,4606857.64683448,TRUE
"561","L3R1",41.58145613,-71.7178033,273438.80843738,4606875.15983956,TRUE
"562","L3R1",41.5816162,-71.7178609,273434.566332797,4606893.08463428,TRUE
"563","L3R1",41.5816548,-71.7178688,273434.042751297,4606897.39136704,TRUE
"564","L3R1",41.5816885,-71.71801473,273421.994589527,4606901.51659141,TRUE
"565","L3R1",41.58148247,-71.71773763,273444.37544798,4606877.91203688,TRUE
"566","L3R1",41.58176805,-71.71786165,273435.035025403,4606909.94739206,TRUE
"567","L3R1",41.58162647,-71.71760823,273455.667155181,4606893.56132899,TRUE
"568","L3R1",41.5817596,-71.7176472,273452.883951855,4606908.44587759,TRUE
"569","L3R1",41.58162697,-71.71775413,273443.505338654,4606894.00004876,TRUE
"570","L3R1",41.5817563,-71.71768153,273450.010349578,4606908.1696256,TRUE
"571","L3R1",41.58163877,-71.717712,273447.058960669,4606895.19961602,TRUE
"572","L3R1",41.58179577,-71.71780337,273439.990742997,4606912.87222548,TRUE
"573","L3R1",41.58159037,-71.71785017,273435.370523422,4606890.18839551,TRUE
"574","L3R1",41.5814759,-71.7177339,273444.663433007,4606877.17273472,TRUE
"575","L3R1",41.58141037,-71.7177063,273446.73519768,4606869.82406688,TRUE
"576","L3R1",41.5813423,-71.7177311,273444.42951719,4606862.33099697,TRUE
"577","L3R1",41.58108887,-71.71745107,273466.88905932,4606833.45572964,TRUE
"578","L3R1",41.58117715,-71.7179853,273422.659205675,4606844.661125,TRUE
"579","L3R1",41.58103573,-71.71808593,273413.774937719,4606829.22277724,TRUE
"580","L3R1",41.5814006,-71.7182368,273402.473507308,4606870.13273683,TRUE
"581","L3R1",41.58113337,-71.7182876,273397.303342852,4606840.59409078,TRUE
"582","L3R1",41.5811092,-71.71804025,273417.84031266,4606837.26058397,TRUE
"583","L3R1",41.5810503,-71.7181105,273411.777512293,4606830.905111,TRUE
"584","L3R1",41.581057,-71.71814787,273408.685418461,4606831.74721801,TRUE
"585","L3R1",41.5811146,-71.7183497,273392.06040151,4606838.67309041,TRUE
"586","L3R1",41.58112363,-71.71814203,273409.405413079,4606839.13019249,TRUE
"587","L3R1",41.58102883,-71.71819597,273404.576766165,4606828.74569513,TRUE
"588","L3R1",41.58107953,-71.7181116,273411.788069328,4606834.15357711,TRUE
"589","L3R1",41.58109797,-71.71812437,273410.787950101,4606836.23462267,TRUE
"590","L3R1",41.58105597,-71.71811097,273411.758165453,4606831.53591864,TRUE
"591","L3R1",41.5810406,-71.71769147,273446.678087216,4606828.72740783,TRUE
"592","L3R3",41.57826543,-71.72040687,273210.578150508,4606527.71965852,TRUE
"593","L3R3",41.5782683,-71.7200964,273236.473184497,4606527.2221302,TRUE
"594","L3R3",41.57830973,-71.72037617,273213.292827186,4606532.55783186,TRUE
"595","L3R3",41.57839303,-71.72020417,273227.924710269,4606541.35493196,TRUE
"596","L3R3",41.5783048,-71.719719,273268.066127376,4606530.28290713,TRUE
"597","L3R3",41.57844483,-71.7197823,273263.278769092,4606545.99762765,TRUE
"598","L3R3",41.57838203,-71.7197682,273264.234498386,4606538.98751922,TRUE
"599","L3R3",41.578353,-71.7198178,273259.997555237,4606535.89452298,TRUE
"600","L3R3",41.57850593,-71.71987933,273255.402948804,4606553.03695891,TRUE
"601","L3R3",41.57846347,-71.71992603,273251.360776468,4606548.44513442,TRUE
"602","L3R3",41.578662,-71.7199624,273249.023505491,4606570.58467222,TRUE
"603","L3R3",41.5783358,-71.71987855,273254.872407305,4606534.14439079,TRUE
"604","L3R3",41.57839937,-71.7199327,273250.580277768,4606541.34527349,TRUE
"605","L3R3",41.5785363,-71.7199468,273249.884075343,4606556.58646706,TRUE
"606","L3R3",41.578414,-71.7199352,273250.423060499,4606542.97629854,TRUE
"607","L3R3",41.57840503,-71.71993373,273250.5142175,4606541.9764435,TRUE
"608","L3R3",41.5785714,-71.72000195,273245.408923596,4606560.62879352,TRUE
"609","L3R3",41.5785519,-71.71985103,273257.923336913,4606558.06688599,TRUE
"610","L3R3",41.57854793,-71.7196942,273270.984855452,4606557.21385253,TRUE
"611","L3R3",41.5786082,-71.7196915,273271.420935834,4606563.89888258,TRUE
"612","L3R3",41.578603,-71.71978897,273263.276356295,4606563.57768951,TRUE
"613","L3R3",41.57859467,-71.7195992,273279.068913638,4606562.15397288,TRUE
"614","L3R3",41.5779873,-71.72045405,273205.670738331,4606496.96131617,TRUE
"615","L3R3",41.5773889,-71.7200917,273233.786326602,4606429.56491277,TRUE
"616","L3R3",41.5778576,-71.7204164,273208.355640933,4606482.46098982,TRUE
"617","L3R3",41.5779484,-71.7203657,273212.900623213,4606492.40974584,TRUE
"618","L3R3",41.57785137,-71.7204927,273201.972384783,4606481.96983819,TRUE
"619","L3R3",41.5778603,-71.7211625,273146.159695458,4606484.72260932,TRUE
"620","L3R3",41.5778086,-71.7211415,273147.729483316,4606478.9268335,TRUE
"621","L3R3",41.57773767,-71.7211418,273147.456054689,4606471.05185401,TRUE
"622","L3R3",41.5777867,-71.7211474,273147.160875826,4606476.51066544,TRUE
"623","L3R3",41.577787,-71.72115095,273146.86594819,4606476.55331191,TRUE
"624","L3R3",41.5777612,-71.7211408,273147.621837395,4606473.66189631,TRUE
"625","L3R3",41.57775377,-71.72107637,273152.967616331,4606472.66746596,TRUE
"626","L3R3",41.57792583,-71.7202811,273219.875038658,4606489.681256,TRUE
"627","L3R3",41.5782259,-71.72022583,273225.53369864,4606522.8544628,TRUE
"628","L3R3",41.57845747,-71.72135243,273132.416088075,4606551.52935052,TRUE
"629","L3R3",41.57851107,-71.72125297,273140.89612993,4606557.21929551,TRUE
"630","L3R3",41.57840887,-71.72132677,273134.385222866,4606546.06552547,TRUE
"631","L3R3",41.57845317,-71.72167703,273105.33804759,4606551.90564187,TRUE
"632","L3R3",41.57850157,-71.721456,273123.935584465,4606556.69842249,TRUE
"633","L3R3",41.5784961,-71.72145733,273123.805538088,4606556.09455468,TRUE
"634","L3R3",41.57860773,-71.72151543,273119.352570281,4606568.64229132,TRUE
"635","L3R3",41.57851897,-71.72138567,273129.860171492,4606558.44547365,TRUE
"636","L3R3",41.57847267,-71.72143323,273125.732765458,4606553.42960094,TRUE
"637","L3R3",41.57850843,-71.7213437,273133.322428809,4606557.16477516,TRUE
"638","L3R3",41.57824083,-71.72036933,273213.621861348,4606524.88948353,TRUE
"639","L3R3",41.5783075,-71.721494,273120.087617541,4606535.24964867,TRUE
"640","L3R3",41.57832393,-71.72128033,273137.959580442,4606536.51201033,TRUE
"641","L3R3",41.57818587,-71.72149567,273119.522342557,4606521.74875678,TRUE
"642","L3R3",41.5780649,-71.72143483,273124.171077327,4606508.15674154,TRUE
"643","L3R3",41.57799603,-71.72140713,273126.239305621,4606500.43685397,TRUE
"644","L3R3",41.57810037,-71.72155377,273114.378840553,4606512.40800792,TRUE
"645","L3R3",41.5778951,-71.7215889,273110.730886291,4606489.70808887,TRUE
"646","L3R3",41.57801623,-71.72147543,273120.615622698,4606502.85941077,TRUE
"647","L3R3",41.57798503,-71.7214954,273118.841360569,4606499.44761731,TRUE
"648","L3R3",41.57796757,-71.72150033,273118.369169087,4606497.52189885,TRUE
"649","L3R3",41.57802197,-71.72145613,273122.244844102,4606503.44599543,TRUE
"650","L3R3",41.57805477,-71.72151337,273117.587414462,4606507.23851714,TRUE
"651","L3R3",41.5779906,-71.72158347,273111.518130119,4606500.29772528,TRUE
"652","L3R3",41.57879577,-71.72032913,273218.916479209,4606586.40199838,TRUE
"653","L3R3",41.5785282,-71.72096277,273165.15103535,4606558.35818456,TRUE
"654","L3R3",41.57845157,-71.72090617,273169.601599573,4606549.70067703,TRUE
"655","L3R3",41.578698,-71.72132017,273135.948182126,4606578.15194899,TRUE
"656","L3R3",41.57869813,-71.72140477,273128.895281503,4606578.38888173,TRUE
"657","L3R3",41.5786811,-71.72140137,273129.119099182,4606576.48899984,TRUE
"658","L3R3",41.57866487,-71.7213681,273131.836072013,4606574.59938791,TRUE
"659","L3R3",41.57870483,-71.72138717,273130.386114136,4606579.08653303,TRUE
"660","L3R3",41.5786735,-71.72133333,273134.765180078,4606575.46618216,TRUE
"661","L3R3",41.57872103,-71.72149683,273121.30017696,4606581.17372744,TRUE
"662","L3R3",41.57871757,-71.72144787,273125.369998264,4606580.66077349,TRUE
"663","L3R3",41.57874217,-71.72141413,273128.269168762,4606583.30351581,TRUE
"664","L3R3",41.57869113,-71.72151343,273119.811451308,4606577.89741716,TRUE
"665","L3R3",41.57859545,-71.7203489,273216.566813821,4606564.21128392,TRUE
"666","L3R3",41.57860237,-71.72008643,273238.473984591,4606564.28964642,TRUE
"667","L3R3",41.5787658,-71.72041673,273211.508078731,4606583.30455986,TRUE
"668","L3R3",41.5787942,-71.7213107,273137.074670772,4606588.80868768,TRUE
"669","L3R3",41.57864,-71.7207323,273184.757562226,4606570.16596549,TRUE
"670","L3R3",41.5788141,-71.72155303,273116.940628368,4606591.65564492,TRUE
"671","L3R3",41.57881297,-71.721347,273134.113979326,4606590.98829764,TRUE
"672","L3R3",41.57869117,-71.72144693,273125.355896705,4606577.72695595,TRUE
"673","L3R3",41.578833,-71.7212169,273145.030941485,4606592.87019165,TRUE
"674","L3R3",41.57895403,-71.72130437,273138.162235449,4606606.53889298,TRUE
"675","L3R3",41.578889,-71.72133807,273135.124801821,4606599.40686422,TRUE
"676","L3R3",41.57885235,-71.72129965,273138.199614444,4606595.23635884,TRUE
"677","L3R3",41.5787792,-71.7209529,273166.852954292,4606586.20221584,TRUE
"678","L3R3",41.57864153,-71.7213396,273134.130453305,4606571.93285748,TRUE
"679","L3R3",41.57877807,-71.72133487,273135.00305147,4606587.08124636,TRUE
"680","L3R3",41.5786841,-71.72127567,273139.60959578,4606576.49151907,TRUE
"681","L3R3",41.57873057,-71.7212431,273142.487814824,4606581.56569695,TRUE
"682","L3R3",41.5787464,-71.7214518,273125.1433265,4606583.872272,TRUE
"683","L3R3",41.57885283,-71.7212927,273138.780736643,4606595.27137796,TRUE
"684","L3R3",41.57884067,-71.72135923,273133.19135214,4606594.09615428,TRUE
"685","L3R3",41.57883603,-71.72129037,273138.91615258,4606593.39984868,TRUE
"686","L3R3",41.5784963,-71.7205578,273198.802986413,4606553.75130815,TRUE
"687","L3R3",41.57839695,-71.72092555,273167.794543197,4606543.68686289,TRUE
"688","L3R3",41.5785802,-71.72090373,273170.255495272,4606563.97679538,TRUE
"689","L3R3",41.57883613,-71.7204954,273205.195393549,4606591.32054059,TRUE
"690","L3R3",41.57842365,-71.7202893,273220.934341282,4606544.97864752,TRUE
"691","L3R3",41.5784205,-71.71989225,273254.026700753,4606543.58513297,TRUE
"692","L3R3",41.57863293,-71.72038843,273213.402305207,4606568.47683126,TRUE
"693","L3R3",41.5785881,-71.7204014,273212.163989581,4606563.53319565,TRUE
"694","L3R3",41.57735925,-71.71843655,273371.680177533,4606421.92304306,TRUE
"695","L3R3",41.5774636,-71.7184717,273369.114657247,4606433.60196889,TRUE
"696","L3R3",41.5773459,-71.718175,273393.44012712,4606419.75361695,TRUE
"697","L3R3",41.57741757,-71.71819557,273391.975843017,4606427.76558463,TRUE
"698","L3R3",41.57736393,-71.71812367,273397.782826766,4606421.62075398,TRUE
"699","L3R3",41.5776463,-71.7188343,273339.522357127,4606454.84088428,TRUE
"700","L3R3",41.577439,-71.7189968,273325.248582228,4606432.25015943,TRUE
"701","L3R3",41.57731607,-71.71888327,273334.283927808,4606418.30221769,TRUE
"702","L3R3",41.57755075,-71.7184825,273368.519134758,4606443.30710857,TRUE
"703","L3R3",41.57752335,-71.7184473,273371.35804895,4606440.17225206,TRUE
"704","L3R3",41.57745155,-71.71854575,273362.898608527,4606432.45853403,TRUE
"705","L3R3",41.57745373,-71.71845383,273370.57002777,4606432.4590983,TRUE
"706","L3R3",41.5774923,-71.7184661,273369.681970536,4606436.77398278,TRUE
"707","L3R3",41.57739527,-71.71860403,273357.842615125,4606426.36256014,TRUE
"708","L3R3",41.57771945,-71.7183882,273376.971579315,4606461.79109981,TRUE
"709","L3R3",41.57849193,-71.7177389,273433.808537041,4606545.85842105,TRUE
"710","L3R3",41.57852433,-71.71767563,273439.196892335,4606549.28980357,TRUE
"711","L3R3",41.57841913,-71.71770553,273436.336055441,4606537.68737227,TRUE
"712","L3R3",41.57863933,-71.7176012,273445.804602351,4606561.86343357,TRUE
"713","L3R3",41.57865593,-71.7176202,273444.278577868,4606563.75652821,TRUE
"714","L3R3",41.57867487,-71.71766813,273440.348758198,4606565.98542894,TRUE
"715","L3R3",41.5786199,-71.71764013,273442.490927011,4606559.8082536,TRUE
"716","L3R3",41.5786092,-71.71758353,273447.172416983,4606558.47151848,TRUE
"717","L3R3",41.5786371,-71.71767743,273439.441274752,4606561.81603397,TRUE
"718","L3R3",41.57866113,-71.7176515,273441.687190925,4606564.41612026,TRUE
"719","L3R3",41.57862693,-71.71800667,273411.95595371,4606561.55157938,TRUE
"720","L3R3",41.57791675,-71.71923305,273307.223364477,4606485.9183166,TRUE
"721","L3R3",41.5778259,-71.7193883,273293.961575253,4606476.23871483,TRUE
"722","L3R3",41.57787035,-71.7194765,273286.763559638,4606481.40605525,TRUE
"723","L3R3",41.57781777,-71.71934357,273297.662444512,4606475.21844098,TRUE
"724","L3R3",41.57745735,-71.71875,273345.8896444,4606433.6391795,TRUE
"725","L3R3",41.57751463,-71.7187388,273347.023871409,4606439.96988018,TRUE
"726","L3R3",41.57741293,-71.71866817,273352.556757897,4606428.49196961,TRUE
"727","L3R3",41.57738463,-71.71892547,273331.005430854,4606426.02571414,TRUE
"728","L3R3",41.57735693,-71.71889893,273333.121262584,4606422.8802868,TRUE
"729","L3R3",41.5768,-71.7184908,273365.200390855,4606359.96882551,TRUE
"730","L3R3",41.57674883,-71.71910997,273313.397753321,4606355.91399503,TRUE
"731","L3R3",41.5767249,-71.7191222,273312.294325586,4606353.28904759,TRUE
"732","L3R3",41.5766134,-71.71919315,273305.988616884,4606341.09500708,TRUE
"733","L3R3",41.5767969,-71.71913537,273311.448242389,4606361.31822995,TRUE
"734","L3R3",41.57676593,-71.71916557,273308.821919836,4606357.95881347,TRUE
"735","L3R3",41.57689623,-71.71912447,273312.704650884,4606372.31876793,TRUE
"736","L3R3",41.57676947,-71.7190114,273321.688304783,4606357.94675548,TRUE
"737","L3R3",41.5767369,-71.7189932,273323.091761746,4606354.28249711,TRUE
"738","L3R9",41.57753643,-71.71933813,273297.131325761,4606443.96534199,TRUE
"739","L3R9",41.57809655,-71.7203855,273211.76853897,4606508.91175204,TRUE
"740","L3R9",41.57839267,-71.72094417,273166.227141907,4606543.26059253,TRUE
"741","L3R9",41.57837217,-71.7207828,273179.60931808,4606540.56003402,TRUE
"742","L3R9",41.578374,-71.72093067,273167.287299514,4606541.15205484,TRUE
"743","L3R9",41.57836233,-71.72092097,273168.05515294,4606539.83076024,TRUE
"744","L3R9",41.57839913,-71.7209209,273168.189863879,4606543.91669341,TRUE
"745","L3R9",41.5783286,-71.72094463,273165.964413048,4606536.1477388,TRUE
"746","L3R9",41.5782754,-71.72086617,273172.319591771,4606530.0343198,TRUE
"747","L3R9",41.5784211,-71.72091747,273168.552774187,4606546.3471304,TRUE
"748","L3R9",41.5783403,-71.7208239,273176.071064885,4606537.12939395,TRUE
"749","L3R9",41.57839675,-71.72083215,273175.58091708,4606543.41905768,TRUE
"750","L3R9",41.5783696,-71.72085443,273173.628280176,4606540.46302103,TRUE
"751","L3R9",41.57834417,-71.7209536,273165.271080234,4606537.9001536,TRUE
"752","L3R9",41.5783109,-71.7209169,273168.214373692,4606534.10948703,TRUE
"753","L3R9",41.57846963,-71.7209351,273167.252856678,4606551.78205697,TRUE
"754","L3R9",41.5784218,-71.72112327,273151.39698909,4606546.96604086,TRUE
"755","L3R9",41.5783658,-71.7208083,273177.460988919,4606539.91978696,TRUE
"756","L3R9",41.57845693,-71.72090133,273170.023897209,4606550.28310185,TRUE
"757","L3R9",41.57845597,-71.72092157,273168.333059477,4606550.22972981,TRUE
"758","L3R9",41.57842893,-71.7209676,273164.400689285,4606547.34836209,TRUE
"759","L3R9",41.5783916,-71.7209085,273169.197323644,4606543.04798728,TRUE
"760","L3R9",41.5784161,-71.72103327,273158.880628684,4606546.09646177,TRUE
"761","L3R9",41.57835417,-71.72097,273163.938776512,4606539.05363713,TRUE
"762","L3R9",41.5784181,-71.72092907,273167.575137128,4606546.04452606,TRUE
"763","L3R9",41.5784524,-71.72092497,273168.037087928,4606549.84227257,TRUE
"764","L3R9",41.5783378,-71.72093743,273166.596920932,4606537.15033506,TRUE
"765","L3R9",41.57826977,-71.7208051,273177.391498451,4606529.24860557,TRUE
"766","L3R9",41.5783675,-71.7209995,273161.525943393,4606540.61131841,TRUE
"767","L3R9",41.57837603,-71.7209312,273167.250220757,4606541.37885118,TRUE
"768","L3R9",41.57832945,-71.72099675,273161.621964338,4606536.37917489,TRUE
"769","L3R9",41.5785373,-71.7209045,273170.041061126,4606559.21538445,TRUE
"770","L3R9",41.57832233,-71.72103527,273158.385482612,4606535.6898946,TRUE
"771","L3R9",41.5784764,-71.7208908,273170.970002087,4606552.41727966,TRUE
"772","L3R9",41.57840277,-71.72088597,273171.114843406,4606544.2290134,TRUE
"773","L3R9",41.5783828,-71.72083055,273175.66546276,4606541.86590119,TRUE
"774","L3R9",41.57838937,-71.72088947,273170.776109873,4606542.75033714,TRUE
"775","L3R9",41.5783262,-71.72088837,273170.646599961,4606535.73331356,TRUE
"776","L3R9",41.57836853,-71.72158243,273112.928679244,4606542.25874926,TRUE
"777","L3R9",41.57836745,-71.72059305,273195.412896269,4606539.53702701,TRUE
"778","L3R9",41.57840053,-71.72159887,273111.6701131,4606545.85513571,TRUE
"779","L3R9",41.57840643,-71.7215848,273112.863843713,4606546.47323975,TRUE
"780","L3R9",41.57837577,-71.7216732,273105.386234826,4606543.30139665,TRUE
"781","L3R9",41.5783442,-71.72167287,273105.303158322,4606539.79512836,TRUE
"782","L3R9",41.5782407,-71.7211974,273144.582240137,4606527.05240532,TRUE
"783","L3R9",41.57841065,-71.72082665,273176.088147288,4606544.94799306,TRUE
"784","L3R9",41.57837833,-71.72091087,273168.953256897,4606541.58077434,TRUE
"785","L3R9",41.5783577,-71.72091237,273168.755950095,4606539.29405025,TRUE
"786","L3R9",41.5783561,-71.72161823,273109.900369068,4606540.97273639,TRUE
"787","L3R9",41.5783063,-71.7216978,273103.091893089,4606535.65244508,TRUE
"788","L3R9",41.57841267,-71.7216735,273105.490483644,4606547.39940686,TRUE
"789","L3R9",41.57843153,-71.72161003,273110.848256726,4606549.32659898,TRUE
"790","L3R9",41.5783771,-71.7209238,273167.870931195,4606541.47820061,TRUE
"791","L3R9",41.57832153,-71.72091167,273168.687643515,4606535.2760449,TRUE
"792","L3R9",41.57843043,-71.72133613,273133.680363503,4606548.48407381,TRUE
"793","L3R9",41.5782744,-71.7215705,273113.593599467,4606531.775571,TRUE
"794","L3R9",41.57815787,-71.7216493,273106.615563742,4606519.04383181,TRUE
"795","L3R9",41.57830163,-71.72173993,273099.563007714,4606535.24472418,TRUE
"796","L3R9",41.5783007,-71.72152863,273117.17657389,4606534.585687,TRUE
"797","L3R9",41.57828583,-71.72161097,273110.259510218,4606533.15115509,TRUE
"798","L3R9",41.57820963,-71.72154007,273115.903778852,4606524.50374582,TRUE
"799","L3R9",41.57825007,-71.7215225,273117.510306728,4606528.94782163,TRUE
"800","L3R9",41.57817393,-71.72157267,273113.060746311,4606520.62551178,TRUE
"801","L3R9",41.57825077,-71.7215807,273112.660416319,4606529.17862311,TRUE
"802","L3R9",41.57826135,-71.7201847,273229.086967921,4606526.6825557,TRUE
"803","L3R9",41.57829165,-71.72055615,273198.223957378,4606531.02349541,TRUE
"804","L3R9",41.57840577,-71.7208744,273172.089979319,4606544.53169711,TRUE
"805","L3R9",41.57836487,-71.7209045,273169.437208455,4606540.06948228,TRUE
"806","L3R9",41.57838933,-71.72143547,273125.254094302,4606544.18176865,TRUE
"807","L3R9",41.5783969,-71.7215281,273117.557732489,4606545.26593704,TRUE
"808","L3R9",41.57841533,-71.7215559,273115.304509781,4606547.38544564,TRUE
"809","L3R9",41.57826297,-71.72147147,273121.810045817,4606530.24596809,TRUE
"810","L3R9",41.57812257,-71.72155453,273114.39323933,4606514.87500156,TRUE
"811","L3R9",41.57818223,-71.7214923,273119.790561772,4606521.33572296,TRUE
"812","L3R9",41.57825677,-71.7215844,273112.372951347,4606529.85456969,TRUE
"813","L3R9",41.5783471,-71.72118075,273146.343061687,4606538.82282737,TRUE
"814","L3R9",41.57857483,-71.7207241,273185.213009462,4606562.90820172,TRUE
"815","L3R9",41.57831233,-71.72090743,273169.008928587,4606534.24336628,TRUE
"816","L3R9",41.5783529,-71.7208146,273176.890561904,4606538.50399085,TRUE
"817","L3R9",41.5783597,-71.7209483,273165.767346628,4606539.61060261,TRUE
"818","L3R9",41.5783141,-71.72094727,273165.69352717,4606534.54466192,TRUE
"819","L3R9",41.57836177,-71.7208871,273170.877049935,4606539.67951722,TRUE
"820","L3R9",41.57839097,-71.72125073,273140.662240221,4606543.87800508,TRUE
"821","L3R9",41.57832187,-71.72125877,273139.749897671,4606536.2265758,TRUE
"822","L3R9",41.57834923,-71.7212587,273139.851561256,4606539.26433112,TRUE
"823","L3R9",41.5783694,-71.7210616,273156.355107882,4606540.9855893,TRUE
"824","L3R9",41.5783466,-71.72073355,273183.625918114,4606537.59135027,TRUE
"825","L3R9",41.578432,-71.72103035,273159.179763512,4606547.85425228,TRUE
"826","L3R9",41.57837317,-71.72120053,273144.785242137,4606541.76954866,TRUE
"827","L3R9",41.57833817,-71.72125467,273140.148819054,4606538.02567672,TRUE
"828","L3R9",41.57838457,-71.72126317,273139.602659325,4606543.20009187,TRUE
"829","L3R9",41.57837297,-71.72120307,273144.572773172,4606541.75402129,TRUE
"830","L3R9",41.57833537,-71.7212417,273141.220366053,4606537.68066687,TRUE
"831","L3R9",41.57831707,-71.72042427,273209.308262279,4606533.49929257,TRUE
"832","L3R9",41.5784366,-71.72089297,273170.649702389,4606548.00376112,TRUE
"833","L3R9",41.5783472,-71.72147703,273121.641524961,4606539.61313685,TRUE
"834","L3R9",41.5783455,-71.72134897,273132.312375185,4606539.08757231,TRUE
"835","L3R9",41.578377,-71.7212108,273143.942411334,4606542.22182428,TRUE
"836","L3R9",41.5784685,-71.7212835,273138.201643093,4606552.57279258,TRUE
"837","L3R9",41.5789472,-71.721269,273141.087204612,4606605.68749778,TRUE
"838","L3R9",41.5789448,-71.72125257,273142.448611743,4606605.3778025,TRUE
"839","L3R9",41.57882025,-71.721346,273134.222851188,4606591.79400832,TRUE
"840","L3R9",41.57905413,-71.72145973,273125.560084454,4606618.06217787,TRUE
"841","L3R9",41.57902523,-71.72139417,273130.924760699,4606614.68081576,TRUE
"842","L3R9",41.57908283,-71.72140577,273130.159394542,4606621.10698688,TRUE
"843","L3R9",41.57899307,-71.7213519,273134.33627502,4606610.99873343,TRUE
"844","L3R9",41.5789787,-71.72140753,273129.647922249,4606609.54945692,TRUE
"845","L3R9",41.57903953,-71.7213589,273133.91539939,4606616.17586709,TRUE
"846","L3R9",41.57897937,-71.7213939,273130.786638135,4606609.58800345,TRUE
"847","L3R9",41.5788593,-71.7213887,273130.7996099,4606596.24225786,TRUE
"848","L3R9",41.57781137,-71.7211561,273146.52192213,4606479.27279748,TRUE
"849","L3R9",41.57787793,-71.7211675,273145.80457087,4606486.69331928,TRUE
"850","L3R9",41.5778652,-71.72113997,273148.055274656,4606485.20743558,TRUE
"851","L3R9",41.5779776,-71.7214105,273125.893781962,4606498.39932752,TRUE
"852","L3R9",41.57808743,-71.7214843,273120.12549118,4606510.78848848,TRUE
"853","L3R9",41.57813407,-71.72148707,273120.057913754,4606515.97448344,TRUE
"854","L3R9",41.5782531,-71.7215444,273115.695038873,4606529.34186064,TRUE
"855","L3R9",41.5775311,-71.7200701,273236.085043632,4606445.29741852,TRUE
"856","L3R9",41.57764917,-71.72012713,273231.743553793,4606458.55733076,TRUE
"857","L3R9",41.57758493,-71.72006537,273236.667856959,4606451.26204024,TRUE
"858","L3R9",41.5774514,-71.7203695,273210.843668793,4606437.23495446,TRUE
"859","L3R9",41.5775542,-71.7200899,273234.515099471,4606447.91439404,TRUE
"860","L3R9",41.5775638,-71.7201762,273227.353492755,4606449.20720274,TRUE
"861","L3R9",41.57750513,-71.7201545,273228.957315585,4606442.63568833,TRUE
"862","L3R9",41.57757767,-71.72006633,273236.562401155,4606450.45844411,TRUE
"863","L3R9",41.57756393,-71.72004967,273237.903317533,4606448.88901803,TRUE
"864","L3R9",41.5764846,-71.72259305,273022.068299289,4606335.73371479,TRUE
"865","L3R9",41.57634913,-71.72264223,273017.49317163,4606320.82109915,TRUE
"866","L3R9",41.5763289,-71.72268017,273014.258995482,4606318.6746742,TRUE
"867","L3R9",41.5763686,-71.72268085,273014.341414938,4606323.08458406,TRUE
"868","L3R9",41.577149,-71.72327257,272967.741421723,4606411.29405297,TRUE
"869","L3R9",41.57701677,-71.72464203,272853.098969451,4606400.21688499,TRUE
"870","L3R9",41.57686467,-71.72463447,272853.195913715,4606383.30843106,TRUE
"871","L3R9",41.5766831,-71.72453247,272861.06351446,4606362.87908288,TRUE
"872","L3R9",41.57674133,-71.72437143,272874.694500886,4606368.92068451,TRUE
"873","L3R9",41.57665343,-71.72439897,272872.090125663,4606359.23314724,TRUE
"874","L3R9",41.5768139,-71.72343893,272952.696567571,4606374.52380112,TRUE
"875","L3R9",41.576406,-71.72326877,272965.454070008,4606328.78445536,TRUE
"876","L3R9",41.57647823,-71.72331763,272961.633485257,4606336.93316254,TRUE
"877","L3R9",41.57694563,-71.72365383,272935.240956693,4606389.71618443,TRUE
"878","L3R9",41.5770773,-71.723312,272964.202634392,4606403.43655991,TRUE
"879","L3R9",41.5770692,-71.7232762,272967.159072922,4606402.44294958,TRUE
"880","L3R9",41.57706053,-71.72306773,272984.509897768,4606400.93163146,TRUE
"881","L3R9",41.57697157,-71.72300407,272989.505787031,4606390.88635912,TRUE
"882","L3R9",41.5770079,-71.7230619,272984.811522419,4606395.07247501,TRUE
"883","L3R9",41.57694255,-71.7230667,272984.182289222,4606387.82891749,TRUE
"884","L3R9",41.5770632,-71.72298523,272991.397703045,4606401.01099055,TRUE
"885","L3R9",41.57638307,-71.7226384,273017.931431269,4606324.57957608,TRUE
"886","L3R9",41.5761192,-71.72260553,273019.747384811,4606295.19407717,TRUE
"887","L3R9",41.5760604,-71.7226962,273011.981607513,4606288.90374602,TRUE
"888","L3R9",41.5764168,-71.72365137,272933.592280605,4606330.99064759,TRUE
"889","L3R9",41.57742773,-71.72411503,272898.478551867,4606444.4606229,TRUE
"890","L3R9",41.57736287,-71.7239683,272910.484723796,4606436.87256147,TRUE
"891","L3R9",41.57645697,-71.7226281,273019.049156861,4606332.75801909,TRUE
"892","L3R9",41.5763833,-71.72254387,273025.813770181,4606324.3563903,TRUE
"893","L3R9",41.57627307,-71.72257977,273022.434322791,4606312.21137386,TRUE
"894","L3R9",41.5771592,-71.7227466,273011.629921145,4606411.04248676,TRUE
"895","L3R9",41.57773253,-71.7189201,273332.67059266,4606464.64094467,TRUE
"896","L3R9",41.5782519,-71.71837943,273379.565669271,4606520.88905068,TRUE
"897","L3R9",41.5782229,-71.71821683,273393.020751238,4606517.24185861,TRUE
"898","L3R9",41.578257,-71.71826897,273388.792954704,4606521.16514863,TRUE
"899","L3R9",41.57827853,-71.7183212,273384.513680865,4606523.69295822,TRUE
"900","L3R9",41.5782241,-71.7183574,273381.305124285,4606517.74438149,TRUE
"901","L3R9",41.57829927,-71.71829303,273386.934874603,4606525.92183629,TRUE
"902","L3R9",41.57821147,-71.718354,273381.544405757,4606516.33306771,TRUE
"903","L3R9",41.57830595,-71.7181111,273402.126382955,4606526.18563657,TRUE
"904","L3R9",41.578196,-71.71828685,273387.088819556,4606514.43893803,TRUE
"905","L3R9",41.57822353,-71.71831727,273384.64891213,4606517.57566691,TRUE
"906","L3R9",41.5782343,-71.718384,273379.1230741,4606518.94682712,TRUE
"907","L3R9",41.5781876,-71.7182856,273387.163648164,4606513.50295385,TRUE
"908","L3R9",41.57826623,-71.71827937,273387.958162083,4606522.21732959,TRUE
"909","L3R9",41.5782452,-71.71825893,273389.588741716,4606519.82855158,TRUE
"910","L3R9",41.57809827,-71.7184206,273375.595660311,4606503.93878517,TRUE
"911","L3R9",41.57738145,-71.7244037,272874.248508871,4606440.08189316,TRUE
"912","L3R9",41.5771568,-71.7243575,272877.312711435,4606415.01605679,TRUE
"913","L3R9",41.57668607,-71.72358233,272940.292439155,4606360.70753227,TRUE
"914","L3R9",41.57672757,-71.7235434,272943.683721679,4606365.2130499,TRUE
"915","L3R9",41.57676703,-71.72357173,272941.46001264,4606369.66909005,TRUE
"916","L9R0",41.5860383,-71.7302804,272414.703167383,4607416.79310203,TRUE
"917","L9R0",41.5860513,-71.7306553,272383.495845599,4607419.22589306,TRUE
"918","L9R0",41.5860067,-71.7305325,272393.576128151,4607413.9496151,TRUE
"919","L9R0",41.5859299,-71.7304325,272401.642554935,4607405.15815809,TRUE
"920","L9R0",41.5859767,-71.73067563,272381.538834104,4607410.99625888,TRUE
"921","L9R0",41.58593913,-71.73059203,272388.375979191,4607406.60401056,TRUE
"922","L9R0",41.5860225,-71.73026267,272416.125673362,4607414.99194874,TRUE
"923","L9R0",41.58577093,-71.73021337,272419.351348225,4607386.92853301,TRUE
"924","L9R0",41.5859191,-71.73020415,272420.640710583,4607403.35641019,TRUE
"925","L9R0",41.58573887,-71.7299808,272438.626636913,4607382.75507438,TRUE
"926","L9R0",41.5855665,-71.73002465,272434.365369832,4607363.73149409,TRUE
"927","L9R0",41.5853888,-71.7297131,272459.713077848,4607343.17843089,TRUE
"928","L9R0",41.58535597,-71.7300353,272432.737680113,4607340.38318438,TRUE
"929","L9R0",41.5857392,-71.7299692,272439.59481894,4607382.76111062,TRUE
"930","L9R0",41.5853762,-71.72982423,272450.404510764,4607342.072562,TRUE
"931","L9R0",41.58597327,-71.7306301,272385.322326341,4607410.4952482,TRUE
"932","L9R0",41.58579983,-71.73019653,272420.856766504,4607390.09303894,TRUE
"933","L9R0",41.5856658,-71.7299254,272442.988223084,4607374.49550642,TRUE
"934","L9R0",41.5856345,-71.73005487,272432.085076417,4607371.36167717,TRUE
"935","L9R0",41.5885529,-71.73388525,272123.039608352,4607705.52287552,TRUE
"936","L9R0",41.5885686,-71.7339203,272120.1730826,4607707.35875306,TRUE
"937","L9R0",41.586104,-71.7302388,272418.402001639,4607423.97839832,TRUE
"938","L9R0",41.58587287,-71.7306022,272387.295263432,4607399.27360309,TRUE
"939","L9R0",41.58624537,-71.7305299,272394.631789495,4607440.44371999,TRUE
"940","L9R0",41.58519627,-71.7296801,272461.787591124,4607321.713612,TRUE
"941","L9R0",41.5866799,-71.7306606,272385.26363972,4607489.03712364,TRUE
"942","L9R0",41.58660427,-71.7305939,272390.558092079,4607480.46344378,TRUE
"943","L9R0",41.58617153,-71.73059913,272388.600993267,4607432.42751788,TRUE
"944","L9R0",41.5853242,-71.7299133,272442.796504357,4607336.53368439,TRUE
"945","L9R0",41.58622477,-71.73055243,272392.681204348,4607438.21583402,TRUE
"946","L9R0",41.5859936,-71.73041483,272403.339485293,4607412.18452359,TRUE
"947","L9R0",41.5873081,-71.7344475,272071.788353811,4607568.79090324,TRUE
"948","L9R0",41.5876482,-71.7346688,272054.537626964,4607607.13914273,TRUE
"949","L9R0",41.58759837,-71.7344198,272075.119252253,4607600.94814196,TRUE
"950","L9R0",41.5876148,-71.73435513,272080.568082632,4607602.60156071,TRUE
"951","L9R0",41.58775533,-71.73448547,272070.197419749,4607618.54991663,TRUE
"952","L9R0",41.5873994,-71.73462525,272057.292162735,4607579.3982642,TRUE
"953","L9R0",41.58736653,-71.73449697,272067.870118318,4607575.40948012,TRUE
"954","L9R0",41.5875837,-71.7344218,272074.900889374,4607599.32452812,TRUE
"955","L9R0",41.587606,-71.7345601,272063.450474595,4607602.16613343,TRUE
"956","L9R0",41.5874589,-71.7347474,272047.318976818,4607586.32775328,TRUE
"957","L9R0",41.5875937,-71.73455853,272063.538053154,4607600.79624029,TRUE
"958","L9R0",41.5875261,-71.7346419,272056.350216524,4607593.51054092,TRUE
"959","L9R0",41.58752757,-71.7345298,272065.700240956,4607593.37749471,TRUE
"960","L9R0",41.5875987,-71.73438887,272077.698789184,4607600.90304433,TRUE
"961","L9R0",41.58863823,-71.7336439,272143.458929176,4607714.35990985,TRUE
"962","L9R0",41.58836593,-71.73420727,272095.537783142,4607685.61335981,TRUE
"963","L9R0",41.58823545,-71.7343548,272082.780292017,4607671.51523561,TRUE
"964","L9R0",41.58851927,-71.7339537,272117.215226802,4607701.96959499,TRUE
"965","L9R0",41.58842593,-71.7340113,272112.085144508,4607691.75768439,TRUE
"966","L9R0",41.58851307,-71.734067,272107.748666604,4607701.58055007,TRUE
"967","L9R0",41.5884764,-71.7339464,272117.672875663,4607697.19018903,TRUE
"968","L9R0",41.5853949,-71.730068,272430.14847355,4607344.79209442,TRUE
"969","L9R0",41.58335763,-71.72702873,272676.363994,4607110.56722739,TRUE
"970","L9R0",41.58317177,-71.7271503,272665.576619072,4607090.25049777,TRUE
"971","L9R0",41.58307577,-71.72719183,272661.777372864,4607079.70050756,TRUE
"972","L9R0",41.58370703,-71.72775987,272616.637829992,4607151.29039377,TRUE
"973","L9R0",41.5839789,-71.7277952,272614.647098753,4607181.57087749,TRUE
"974","L9R0",41.5839743,-71.72770545,272622.113067915,4607180.82350921,TRUE
"975","L9R0",41.5843261,-71.7278971,272607.371246378,4607220.39120491,TRUE
"976","L9R0",41.58434823,-71.72791987,272605.550715989,4607222.90846158,TRUE
"977","L9R0",41.58424757,-71.72789893,272606.942933533,4607211.67637554,TRUE
"978","L9R0",41.5842607,-71.72800557,272598.098900862,4607213.41542793,TRUE
"979","L9R0",41.58429777,-71.72801943,272597.073624549,4607217.56807292,TRUE
"980","L9R0",41.58434347,-71.7280285,272596.477976992,4607222.66632957,TRUE
"981","L9R0",41.5841967,-71.72799377,272598.857878526,4607206.2780159,TRUE
"982","L9R0",41.58427267,-71.72802917,272596.173499928,4607214.80674992,TRUE
"983","L9R0",41.58439537,-71.7280261,272596.860307438,4607228.4227684,TRUE
"984","L9R0",41.58791817,-71.73186887,272288.893590014,4607629.71917448,TRUE
"985","L9R0",41.5879301,-71.73183293,272291.93154656,4607630.9489438,TRUE
"986","L9R0",41.58786795,-71.73181515,272293.195142875,4607624.00110948,TRUE
"987","L9R0",41.58802473,-71.7353573,271998.469060569,4607650.76748735,TRUE
"988","L9R0",41.5873835,-71.73476645,272045.465487377,4607578.005983,TRUE
"989","L9R0",41.58745197,-71.73448947,272068.796095042,4607584.87658172,TRUE
"990","L9R0",41.5875501,-71.7347553,272046.981488673,4607596.47512436,TRUE
"991","L9R0",41.5871707,-71.7345236,272064.960830965,4607553.73566336,TRUE
"992","L9R0",41.58745193,-71.73456697,272062.335412937,4607585.07696075,TRUE
"993","L9R0",41.58757117,-71.73462353,272058.040233188,4607598.46638628,TRUE
"994","L9R0",41.5870507,-71.73440175,272074.696110464,4607540.08931187,TRUE
"995","L9R0",41.58696575,-71.7344205,272072.834039177,4607530.70634857,TRUE
"996","L9R0",41.58708,-71.734651,272054.021193068,4607544.00139643,TRUE
"997","L9R0",41.5868823,-71.7344283,272071.890064365,4607521.46100171,TRUE
"998","L9R0",41.5868322,-71.7344989,272065.828309266,4607516.08467449,TRUE
"999","L9R0",41.5868744,-71.73442097,272072.473303656,4607520.56444548,TRUE
"1000","L9R0",41.586675,-71.7346114,272055.896627981,4607498.92712623,TRUE
"1001","L9R0",41.58669683,-71.73456323,272059.989061298,4607501.22373546,TRUE
"1002","L9R0",41.5864857,-71.73500143,272022.71614459,4607478.938888,TRUE
"1003","L9R0",41.5865972,-71.7349271,272029.305075504,4607491.12293678,TRUE
"1004","L9R0",41.58653213,-71.7348895,272032.210435258,4607483.79843514,TRUE
"1005","L9R0",41.586384,-71.73497837,272024.280439861,4607467.58556552,TRUE
"1006","L9R0",41.5864728,-71.734905,272030.709429599,4607477.25163451,TRUE
"1007","L9R0",41.58653013,-71.73492673,272029.099788981,4607483.67476942,TRUE
"1008","L9R0",41.58656783,-71.73497257,272025.411159501,4607487.9819956,TRUE
"1009","L9R0",41.58655143,-71.73499257,272023.686159912,4607486.2138695,TRUE
"1010","L9R0",41.58645337,-71.7349379,272027.898377355,4607475.18116542,TRUE
"1011","L9R0",41.58656623,-71.7349637,272026.144955883,4607487.78089216,TRUE
"1012","L9R0",41.58656007,-71.73494353,272027.804699556,4607487.04359566,TRUE
"1013","L9R0",41.58671857,-71.73488463,272033.272796049,4607504.48712825,TRUE
"1014","L9R0",41.586312,-71.7304576,272400.89315576,4607447.6512556,TRUE
"1015","L9R0",41.58523387,-71.72980183,272451.771731996,4607326.20971166,TRUE
"1016","L9R0",41.58520843,-71.72982603,272449.664911676,4607323.44880172,TRUE
"1017","L9R0",41.58519903,-71.72980117,272451.704326351,4607322.33947634,TRUE
"1018","L9R0",41.5852235,-71.7298446,272448.169785812,4607325.17110697,TRUE
"1019","L9R0",41.58525513,-71.72981377,272450.851065283,4607328.60183763,TRUE
"1020","L9R0",41.5852008,-71.72982475,272449.744806735,4607322.59822009,TRUE
"1021","L9R0",41.58533717,-71.72982433,272450.259022978,4607337.73909084,TRUE
"1022","L9R0",41.5853033,-71.7297996,272452.201609392,4607333.91305758,TRUE
"1023","L9R0",41.5852388,-71.7298686,272446.222798927,4607326.93327684,TRUE
